"Typeofartwork","Artistname","Titleofartwork","Nationality","Credit","Dimensions","Linktodata","ImageURL"
"Bronze","Gaston Lachaise"," Acrobat  Upside Down Figure, 1926","American","Bequest of Katharine Kuh","27 x 16.5 x 7 cm (10 5 8 x 6 1 2 x 2 3 4 in.)","http:  www.artic.edu aic collections artwork 134047 search_no=1&index=0","http:  www.artic.edu aic collections citi images standard WebMedium WebImg_000004 50626_356716.jpg"
"Rosewood oak walnut marble","Alexander Jackson Davis"," Belmead  Center table, c. 1846","American","Gift of The Antiquarian Society","72.4 x 104.1 x 90.2 cm (28 1 2 x 41 x 35 1 2 in.)","http:  www.artic.edu aic collections artwork 156073 search_no=1&index=3","http:  www.artic.edu aic collections citi images standard WebMedium WebImg_000005 6676_357883.jpg"
"Partially gilded and painted blown mold glass Height:","Mount Washington Glass Company"," Royal Flemish  Vase, 1889 95","American","Through prior acquisitions of Rowena Marsh Abbott Kate L. Brewster Mr. and Mrs. Frederick Castle Emma B. Hodge Mrs. Potter Palmer II Edward Kendall Rogers Jerome and Irene Schultz and Mr. and Mrs. William Swartchild Jr.","39.1 cm (15 3 8 in.)","http:  www.artic.edu aic collections artwork 158980 search_no=1&index=10","http:  www.artic.edu aic collections citi images standard WebMedium WebImg_000005 7092_358786.jpg"
"Oil on canvas","Frederic Remington","9th U.S. Infantry Entering Peking, August 15, 1900, 1900","American","George F. Harding Collection","68.9 x 102.2 cm (27 1 8 x 40 1 4 in.)","http:  www.artic.edu aic collections artwork 97900 search_no=1&index=14","http:  www.artic.edu aic collections citi images standard WebMedium WebImg_000143 4994_1490418.jpg"
"Oil on canvas","William Merritt Chase","A City Park, c. 1887","American","Signed lower right:  Wm M. Chase.   Bequest of Dr. John J. Ireland","34.6 x 49.9 cm (13 5 8 x 19 5 8 in.)","http:  www.artic.edu aic collections artwork 28849 search_no=1&index=16","http:  www.artic.edu aic collections citi images standard WebMedium WebImg_000140 4114_1461057.jpg"
"Oil on canvas","Thomas Hicks","A Friendly Warning, 1881 90","American","A.A. McKay Fund Income","62.9 x 81.9 cm (24 3 4 x 32 1 4 in.)","http:  www.artic.edu aic collections artwork 27138 search_no=1&index=18","http:  www.artic.edu aic collections citi images standard WebMedium WebImg_000073 3993_623731.jpg"
"Oil on canvas","Ivan Albright","A Face from Georgia, 1970 74","American","Signed lower right: Ivan Albright dated lower left: 1974  Gift of Ivan Albright","39.4 x 27.3 cm (15 1 2 x 10 3 4 in.)","http:  www.artic.edu aic collections artwork 93802 search_no=1&index=17","http:  www.artic.edu aic collections citi images standard WebMedium WebImg_000073 4530_623947.jpg"
"Oil on canvas","Rembrandt Peale","Abigail Inskeep Bradford, 1803 08","American","Gift of Mrs. Herbert A. Vance","68.6 x 55.9 cm (27 x 22 in.)","http:  www.artic.edu aic collections artwork 156072 search_no=77&index=31","http:  www.artic.edu aic collections citi images standard WebMedium WebImg_000005 6675_357991.jpg"
"Bronze","Daniel Chester French","Abraham Lincoln, modeled 1912, cast after 1912","American","Inscribed top of base at left:  Daniel C. French Sc. 1912   Foundry marks on back of base at right:  Roman Bronze Works N.Y.   Gift of Mrs. Philip D. Sang in memory of Philip D. Sang","95.2 cm (37 1 2 in.)","http:  www.artic.edu aic collections artwork 103114 search_no=77&index=33","http:  www.artic.edu aic collections citi images standard WebMedium WebImg_000094 5100_763110.jpg"
"Bronze h.","Daniel Chester French","Abraham Lincoln, modeled in plaster 1916, cast in bronze after 1916","American","Inscribed top of base at back right:  Daniel C French   March 1916   Bequest of Arthur Rubloff Trust","83.8 cm (33 in.)","http:  www.artic.edu aic collections artwork 111659 search_no=77&index=34","http:  www.artic.edu aic collections citi images standard WebMedium WebImg_000117 5810_1171464.jpg"
"Oil on canvas","George Inness","After a Summer Shower, 1894","American","Signed lower right:  G. Inness 1894   Edward B. Butler Collection","81.9 x 107.6 cm (32 1 4 x 42 3 8 in.)","http:  www.artic.edu aic collections artwork 64715 search_no=77&index=36","http:  www.artic.edu aic collections citi images standard WebMedium WebImg_000117 56854_1171844.jpg"
"Oil on canvas","Mary Cassatt","After the Bullfight, 1873","American","Signed l. left:  M.S.C. Seville 1873   Bequest of Mrs. Sterling Morton","82.5 x 64 cm (32 1 8 x 25 3 16 in.)","http:  www.artic.edu aic collections artwork 31816 search_no=77&index=37","http:  www.artic.edu aic collections citi images standard WebMedium WebImg_000128 169442_1299313.jpg"
"Oil on canvas","Edward Henry Potthast","A Holiday, c. 1915","American","Signed lower left: E. Potthast  Friends of American Art Collection","76.4 x 101.8 cm (30 1 8 x 40 1 8 in.)","http:  www.artic.edu aic collections artwork 71573 search_no=76&index=21","http:  www.artic.edu aic collections citi images standard WebMedium WebImg_000130 171641_1321570.jpg"
"Oil on canvas","George Inness","A Marine, c. 1874 75","American","Signed lower left:  G. Inness   Edward B. Butler Collection","76.8 x 114.9 cm (30 1 4 x 45 1 4 in.)","http:  www.artic.edu aic collections artwork 68792 search_no=76&index=23","http:  www.artic.edu aic collections citi images standard WebMedium WebImg_000117 405_1168614.jpg"
"Oil on canvas","Frederic Remington","A Mexican Vaquero, 1890","American","Signed lower right:  Copyright 1890   By  Frederic Remington   George F. Harding Collection","82.6 x 58.4 cm (32 1 2 x 23 in.)","http:  www.artic.edu aic collections artwork 97907 search_no=76&index=24","http:  www.artic.edu aic collections citi images standard WebMedium WebImg_000117 5000_1173914.jpg"
"Oil on millboard","Eastman Johnson","A Sly Drink at the Camp (Study), 1860 73","American","Gift of Emily Crane Chadbourne","53.7 x 63.5 cm (21 1 8 x 25 in.)","http:  www.artic.edu aic collections artwork 79012 search_no=76&index=27","http:  www.artic.edu aic collections citi images standard WebMedium WebImg_000073 8608_625387.jpg"
"Marble h.","Horatio Greenough","Abdiel, 1838 1843","American","Gift of Elizabeth G. H. Bartol","61 cm (24 in.)","http:  www.artic.edu aic collections artwork 819 search_no=76&index=29","http:  www.artic.edu aic collections citi images standard WebMedium WebImg_000094 238_761184.jpg"
"Oil on canvas","Ivan Albright","And Man Created God in His Own Image, 1930-31","American","Gift of Ivan Albright","121.9 x 66 cm (48 x 26 in.)","http:  www.artic.edu aic collections artwork 93813 search_no=2&index=51","http:  www.artic.edu aic collections citi images standard WebMedium WebImg_000132 4543_1356116.jpg"
"White vinyl-covered steel mesh","Designed by Harry Bertoia","Armchair, 1967","American","Gift of Malcolm Kay Kim and Kyle Kamin","77.4 x 85.8 x 71.1 cm (30 1 2 x 33 3 4 x 28 in.)","http:  www.artic.edu aic collections artwork 105111 search_no=2&index=58","http:  www.artic.edu aic collections citi images standard WebMedium WebImg_000128 26858_1301371.jpg"
"Ebonized walnut with gilt decoration","George Jakob Hunzinger","Armchair, patented in 1869","American","Stamped on the rear of the left front leg:  HUNZINGER N.Y. PAT. MARCH 30 1869  Perry and Gertrude Herst Endowment","139.7 x 61 x 66 cm (55 x 24 x 26 in.)","http:  www.artic.edu aic collections artwork 145683 search_no=2&index=59","http:  www.artic.edu aic collections citi images standard WebMedium WebImg_000094 6168_763164.jpg"
"Oil on canvas","William Merritt Chase","Alice, 1892","American","Gift of Ernest A. Hamill","171.8 x 125.4 cm (67 5 8 x 49 3 8 in.)","http:  www.artic.edu aic collections artwork 663 search_no=1&index=42","http:  www.artic.edu aic collections citi images standard WebMedium WebImg_000003 205_355049.jpg"
"Marble h.","Hiram Powers","America, 18501854","American","The Art Institute of Chicago Purchase Fund","73.7 cm (29 in.)","http:  www.artic.edu aic collections artwork 64076 search_no=1&index=43","http:  www.artic.edu aic collections citi images standard WebMedium WebImg_000094 358_761028.jpg"
"Oil on Beaver Board","Grant Wood","American Gothic, 1930","American","Signed and dated lower right on overalls: GRANT   WOOD   1930  Friends of American Art Collection","78 x 65.3 cm (30 3 4 x 25 3 4 in.)","http:  www.artic.edu aic collections artwork 6565 search_no=1&index=44","http:  www.artic.edu aic collections citi images standard WebMedium WebImg_000132 50629_1357815.jpg"
"Oil on canvas","Wallace L. DeWolf","Among the Redwoods, 1920","American","Gift of Wallace L. DeWolf","76.8 x 64.8 cm (30 1 4 x 25 1 2 in.)","http:  www.artic.edu aic collections artwork 7162 search_no=1&index=45","http:  www.artic.edu aic collections citi images standard WebMedium WebImg_000089 984_727877.jpg"
"Bronze","Augustus Saint-Gaudens","Amor Caritas, modeled 1897; cast after 1899","American","Inscribed lower left:  AVGVSTVS. SAINT-GAVDENS MDCCCXCVII   Plaque at top inscribed:  Amor Caritas   Roger McCormick Fund","131.4 x 80.7 cm (51 3 4 x 31 3 4 in.)","http:  www.artic.edu aic collections artwork 107050 search_no=1&index=46","http:  www.artic.edu aic collections citi images standard WebMedium WebImg_000094 4939_761376.jpg"
"Anagama-fired stoneware","Toshiko Takaezu","Anagama Vase, 1980 1989","American","Gift of Toshiko Takaezu","31.8 x 22.9 cm (12 1 2 x 9 in.)","http:  www.artic.edu aic collections artwork 188528 search_no=1&index=49","http:  www.artic.edu aic collections citi images standard WebMedium WebImg_000118 55356_1181864.jpg"
"Oak","Frank Lloyd Wright","Armchair, 1908","American","Gift of Mr. and Mrs. F. M. Fahrenwald","86.9 x 58.5 x 57.1 cm (34 1 4 x 23 x 22 1 2 in.)","http:  www.artic.edu aic collections artwork 34210 search_no=2&index=73","http:  www.artic.edu aic collections citi images standard WebMedium WebImg_000107 83394_913100.jpg"
"Green-stained oak with caned inserts","David Wolcott Kendall","Armchair, 1894 96","American","Gift of the Antiquarian Society through Morris and Jane Weeden","86 x 75 x 56 cm (33 7 8 x 29 1 2 x 22 in.)","http:  www.artic.edu aic collections artwork 136998 search_no=3&index=62","http:  www.artic.edu aic collections citi images standard WebMedium WebImg_000016 83396_382924.jpg"
"Rosewood with ash juniper and burl maple veneer ormolu mounts original woven tapestry fabric","Attributed to Pottier and Stymus","Armchair, 1870 75","American","Painted in black paint on crest rail underneath upholstery:  3924. Ingersoll   Suzanne Waller Worthy Fund","98 x 64 x 58 cm (38 1 2 x 25 1 4 x 22 3 4 in.)","http:  www.artic.edu aic collections artwork 33079 search_no=3&index=69","http:  www.artic.edu aic collections citi images standard WebMedium WebImg_000117 4204_1171314.jpg"
"Oil on canvas","George Peter Alexander Healy","Armenian Fathers, 1870","American","Gift of G. P. A. Healy","138.4 x 102.9 cm (54 1 2 x 40 1 2 in.)","http:  www.artic.edu aic collections artwork 55209 search_no=1&index=88","http:  www.artic.edu aic collections citi images standard WebMedium WebImg_000073 161_622735.jpg"
"Oil on canvas","James McNeill Whistler","Arrangement in Flesh Color and Brown: Portrait of Arthur Jerome Eddy, 1894","American","Signed middle right: butterfly monogram  Arthur Jerome Eddy Memorial Collection","209.9 x 92.4 cm (82 5 8 x 36 3 8 in.)","http:  www.artic.edu aic collections artwork 8958 search_no=3&index=90","http:  www.artic.edu aic collections citi images standard WebMedium WebImg_000142 1656_1482217.jpg"
"Oil on canvas","William Glackens","At Mouquin's, 1905","American","Signed lower left:  W. Glackens   Friends of American Art Collection","122.4 x 92.1 cm (48 1 8 x 36 1 4 in.)","http:  www.artic.edu aic collections artwork 15401 search_no=3&index=91","http:  www.artic.edu aic collections citi images standard WebMedium WebImg_000130 171646_1330130.jpg"
"Oil on canvas","Wilson H. Irvine","Autumn, c. 1914","American","Signed lower right: IRVINE  Friends of American Art Collection","81.3 x 101.6 cm (32 x 40 in.)","http:  www.artic.edu aic collections artwork 71564 search_no=3&index=93","http:  www.artic.edu aic collections citi images standard WebMedium WebImg_000126 166599_1274753.jpg"
"Bronze h.","Frederick W. Macmonnies","Bacchante with Infant Faun, modeled in 1894, cast after 1894","American",":  Jaboeuf & Rouard   FONDEURS A PARIS 10 & 12 R DE L'ASILE POPINCOURT   Restricted gift of Brooks and Hope B. McCormick Foundation","86.3 cm (34 in.) Signed on base:  F. MacMonnies 1894   Foundry (stamped)","http:  www.artic.edu aic collections artwork 102622 search_no=3&index=96","http:  www.artic.edu aic collections citi images standard WebMedium WebImg_000094 5181_763104.jpg"
"Oil on canvas","Childe Hassam","Bailey's Beach, Newport, R.I., 1901","American","Signed lower left: Childe Hassam 1901  On back: c.1901  Walter H. Schulze Memorial Collection","61 x 66 cm (24 x 26 in.)","http:  www.artic.edu aic collections artwork 107862 search_no=3&index=98","http:  www.artic.edu aic collections citi images standard WebMedium WebImg_000125 166071_1270261.jpg"
"Oil on panel","Fidelia Bridges","Bird's Nest and Ferns, 1863","American","   Restricted gift of Charles C. Haffner III","20 x 16.8 cm (7 7 8 x 6 5 8 in.) Inscription: signed lower right:  F. Bridges   1863  On back of frame: oval sticker:  Pollock's   Picture Store   10 Hamilton Place   Boston ; sticker fragment upper right:  ( ) by F. Bridges   Laura A. J ( ) ; stock number on frame:  44401 ; inscription in pencil upsidedown on top:  F. Beid    ; half artist's supply mark stencil in red:  H. H( )   Manuf ( )   Phila ( )   10 ( )","http:  www.artic.edu aic collections artwork 69533 search_no=1&index=116","http:  www.artic.edu aic collections citi images standard WebMedium WebImg_000140 5423_1461097.jpg"
"Oil on canvas","Georgia O'Keeffe","Black Cross, New Mexico, 1929","American","Art Institute Purchase Fund","99.1 x 76.2 cm (39 x 30 in.)","http:  www.artic.edu aic collections artwork 46327 search_no=1&index=117","http:  www.artic.edu aic collections citi images standard WebMedium WebImg_000133 85157_1377609.jpg"
"Glazed stoneware","Toshiko Takaezu","Black Hole, 2000","American","Gift of Toshiko Takaezu","33 x 26.7 cm (13 x 10 1 2 in.)","http:  www.artic.edu aic collections artwork 188521 search_no=1&index=118","http:  www.artic.edu aic collections citi images standard WebMedium WebImg_000118 55372_1182024.jpg"
"Oil on canvas","Georgia O'Keeffe","Ballet Skirt or Electric Light, 1927","American","Alfred Stieglitz Collection bequest of Georgia O'Keeffe","91.4 x 76.2 cm (36 x 30 in.)","http:  www.artic.edu aic collections artwork 70035 search_no=78&index=100","http:  www.artic.edu aic collections citi images standard WebMedium WebImg_000098 137319_823006.jpg"
"Silver","Samuel Edwards","Baptismal Basin, 1755","American","; engraved around rim of basin:  The Bequest of Mr. John Willis to the Church of Christ in Medford 1755   J. Peter McCormick Fund","7.5 x 30.1 cm (diam.) (2 15 16 x 12 1 16 in.) Marked near the center on interior of bowl:  S. E  (under a crown and above a device in shaped shield)","http:  www.artic.edu aic collections artwork 72803 search_no=78&index=101","http:  www.artic.edu aic collections citi images standard WebMedium WebImg_000016 83410_383101.jpg"
"Oil on canvas","William Sidney Mount","Bar-room Scene, 1835","American","Signed lower left:  W. S. Mount 1835   William Owen and Erna Sawyer Goodman Collection","57.4 x 69.7 cm (22 5 8 x 27 7 16 in.)","http:  www.artic.edu aic collections artwork 30709 search_no=78&index=103","http:  www.artic.edu aic collections citi images standard WebMedium WebImg_000128 114831_1305517.jpg"
"Oil on composition board","Edward Lamson Henry","Barnyard in Pennsylvania, 1859 60","American","Through prior acquisition of the Charles H. and Mary F. S. Worcester Collection","20.3 x 34.3 cm (8 x 13 1 2 in.)","http:  www.artic.edu aic collections artwork 120082 search_no=78&index=105","http:  www.artic.edu aic collections citi images standard WebMedium WebImg_000073 5709_623653.jpg"
"Oil on canvas","Jasper Francis Cropsey","Blasted Tree, 1850","American","Gift of Jamee J. and Marshall Field","43.2 x 35.6 cm (17 x 14 in.)","http:  www.artic.edu aic collections artwork 129639 search_no=79&index=121","http:  www.artic.edu aic collections citi images standard WebMedium WebImg_000082 6335_683782.jpg"
"Oil on canvas","Georgia O'Keeffe","Blue and Green Music, 1919 21","American","Alfred Stieglitz Collection gift of Georgia O'Keeffe","58.4 x 48.3 cm (23 x 18 in.)","http:  www.artic.edu aic collections artwork 24306 search_no=79&index=124","http:  www.artic.edu aic collections citi images standard WebMedium WebImg_000098 137305_822868.jpg"
"Oil on canvas","Arthur Wesley Dow","Boats at Rest, c. 1895","American","Signed lower left:  Arthur W. Dow   Through prior acquisition of the Charles H. and Mary F.S. Worcester Collection","66 x 91.4 cm (26 x 36 in.)","http:  www.artic.edu aic collections artwork 121377 search_no=79&index=125","http:  www.artic.edu aic collections citi images standard WebMedium WebImg_000114 5697_1139164.jpg"
"Glazed earthenware","Charles Fergus Binns","Bottle Vase, 1915","American","Monogram and date on base:  C F B   15  within a circle  Atlan Ceramic Club Fund","23.2 x 10.1 cm (9 1 8 x 4 in.)","http:  www.artic.edu aic collections artwork 121398 search_no=4&index=130","http:  www.artic.edu aic collections citi images standard WebMedium WebImg_000104 431_886133.jpg"
"Oil on canvas","Henry Ward Ranger","Brooklyn Bridge, 1899","American","Signed lower left:  Henry Ranger 99   Gift of Charles L. Hutchinson","72.4 x 91.8 cm (28 1 2 x 36 1 8 in.)","http:  www.artic.edu aic collections artwork 16545 search_no=1&index=154","http:  www.artic.edu aic collections citi images standard WebMedium WebImg_000128 169443_1299323.jpg"
"Mahogany with chestnut and tulip poplar","Attributed to John Townsend","Bureau Table, c. 1770","American","Gift of Jamee J. and Marshall Field","86.6 x 93.4 x 58 cm (34 1 8 x 36 3 4 x 20 in.)","http:  www.artic.edu aic collections artwork 103347 search_no=1&index=159","http:  www.artic.edu aic collections citi images standard WebMedium WebImg_000106 9109_902140.jpg"
"Rosewood and gilded wood with ormolu mounts die-stamped brass inlay inset with rosewood brass stringing and gilt-brass castors","Attributed to Duncan Phyfe","Box Sofa, c. 1820","American","Restricted gifts of The Antiquarian Society and Mrs. Herbert A. Vance","85.7 x 208.3 x 69.2 cm (33 3 4 x 82 x 27 1 4 in.)","http:  www.artic.edu aic collections artwork 158977 search_no=5&index=146","http:  www.artic.edu aic collections citi images standard WebMedium WebImg_000005 7090_358815.jpg"
"Oil and graphite on canvas","Charles Demuth","Business, 1921","American","Signed and dated lower right: Demuth   1921  Alfred Stieglitz Collection","51 x 61.5 cm (20 x 24 1 4 in.)","http:  www.artic.edu aic collections artwork 65861 search_no=6&index=160","http:  www.artic.edu aic collections citi images standard WebMedium WebImg_000098 137297_822766.jpg"
"Mahogany rosewood maple pine and bronze","George Croome","Cabinet, 1875 77","American","Elizabeth R. Vaughan Fund","140 x 124.8 x 48.3 cm (55 1 8 x 49 1 8 x 19 in.)","http:  www.artic.edu aic collections artwork 58405 search_no=6&index=167","http:  www.artic.edu aic collections citi images standard WebMedium WebImg_000128 32091_1301758.jpg"
"Rosewood with ebonized cherry maple walnut satinwood marquetry of various woods brass gilding and paint","Herter Brothers","Cabinet, 1878 80","American","Impressed twice on back boards:  HERTER BRO'S ; written in script in pencil on top boards:   N 238 Store   Restricted gift of the Antiquarian Society through the Capital Campaign","134.6 x 180.3 x 40.6 cm (53 x 71 x 16 in.)","http:  www.artic.edu aic collections artwork 105105 search_no=6&index=168","http:  www.artic.edu aic collections citi images standard WebMedium WebImg_000095 5376_773247.jpg"
"Bronze","Jessie M. Preston","Candelabra, 1902 05","American","in. Marked on the bottom in script  J Preston  Chicago  with a conjoined  J  and  P   Restricted gift of Celia and David C. Hilliard","19 5 8 x 13 1 2 x 13 in.  base: 8 1 2 (w) x 8 (d)","http:  www.artic.edu aic collections artwork 181452 search_no=7&index=173","http:  www.artic.edu aic collections citi images standard WebMedium WebImg_000006 8564_360620.jpg"
"Silver","Tiffany and Company","Candelabra (one of a pair), 1873","American","and  S   Gift of the Antiquarian Society through the Mr. and Mrs. William Y. Hutchinson Fund","77.4 x 43.2 cm (30 1 2 x 17 in.) Marked under base  TIFFANY AND CO.  (in a convex rectangle)  3180    Quality 925.1000  (in rectangle)  gothic  M  (in oval)  5200    UNION SQUARE  (in convex rectangle); Marked on underside of one foot:  No.1 ; Signed on proper left side of base on each candelabrum:  EJ  (conjoined)","http:  www.artic.edu aic collections artwork 104048 search_no=7&index=176","http:  www.artic.edu aic collections citi images standard WebMedium WebImg_000104 19131_882925.jpg"
"Oil on board","Ivan Albright","Captain Joseph Medill Patterson, 196264","American","Gift of Ivan Albright","76.2 x 61 cm (30 x 24 in.)","http:  www.artic.edu aic collections artwork 93814 search_no=9&index=192","http:  www.artic.edu aic collections citi images standard WebMedium WebImg_000089 4544_728219.jpg"
"Oil on canvas","Thomas Birch","Capture of the Tripoli by the Enterprise, 1806 12","American","Through prior acquisition of the Charles H. and Mary F. S. Worcester Collection","45.1 x 65.1 cm (17 3 4 x 25 5 8 in.)","http:  www.artic.edu aic collections artwork 120163 search_no=9&index=193","http:  www.artic.edu aic collections citi images standard WebMedium WebImg_000073 5803_623641.jpg"
"Mahogany mahogany veneer and white pine","Attributed to William Hook","Card Table, 1800 11","American","Gift of the Antiquarian Society through Jessie Spalding Landon Fund","73.5 x 92.4 x 45.4 cm (29 x 36 5 16 x 17 7 8 in.)","http:  www.artic.edu aic collections artwork 75458 search_no=9&index=194","http:  www.artic.edu aic collections citi images standard WebMedium WebImg_000006 7645_360216.jpg"
"Mahogany satinwood veneer iron and brass","Isaac Vose & Son","Card Table, 1819 25","American","Restricted gift of Harry A. Root in memory of Curtis C. Palmer","73.7 x 45.7 x 92.7 cm (29 x 18 x 36 1 2 in.)","http:  www.artic.edu aic collections artwork 214268 search_no=9&index=195","http:  www.artic.edu aic collections citi images standard WebMedium WebImg_000141 184347_1468913.jpg"
"Silver","Jeremiah Dummer","Caudle Cup, 1680 1700","American","Gift of the Antiquarian Society through the Mr. and Mrs. Edwin A. Seipp Fund","8.3 x 16.5 cm (3 1 4 x 6 1 2 in.)","http:  www.artic.edu aic collections artwork 76814 search_no=10&index=209","http:  www.artic.edu aic collections citi images standard WebMedium WebImg_000051 41365_348239.jpg"
"Oil on canvas","George Inness","Catskill Mountains, 1870","American","Signed lower left:  G. Inness 1870   Edward B. Butler Collection","123.8 x 184.5 cm (48 3 4 x 72 5 8 in.)","http:  www.artic.edu aic collections artwork 68388 search_no=10&index=208","http:  www.artic.edu aic collections citi images standard WebMedium WebImg_000117 387_1170914.jpg"
"Silver","Cornelius Vander Burch (Vanderburgh)","Caudle Cup, c. 1683","American","; engraved on the body with the Van Cortlandt family arms  Restricted gift of the Antiquarian Society and Dr. and Mrs. C. Phillip Miller","12.7 x 15.24 x 22.86 cm (5 3 4 x 6 1 4 x 9 1 4 in.) Marked on bottom three times: CVB (cojoined inside a heart)","http:  www.artic.edu aic collections artwork 83917 search_no=11&index=210","http:  www.artic.edu aic collections citi images standard WebMedium WebImg_000142 185652_1477552.jpg"
"Cast iron and marble","Designed by Walter Bryent","Center Table, 1852","American","Wesley M. Dixon Jr. Fund","77.5 x 77.5 x 77.5 cm (30 1 2 x 30 1 2 x 30 1 2 in.)","http:  www.artic.edu aic collections artwork 104358 search_no=11&index=214","http:  www.artic.edu aic collections citi images standard WebMedium WebImg_000128 32090_1301749.jpg"
"Silver and etched glass d. of vase:","Dominick and Haff","Centerpiece, 18721875","American",";  STERLING   H 88 x 15     THE COWELL & HUBBARD CO.   Laura S. Matthews Fund","28.3 x 30 cm (11 1 8 x 11 13 16 in.) Marked on inner rim of base:  D. H.  (in square beside an empty diamond and circle)","http:  www.artic.edu aic collections artwork 107303 search_no=11&index=218","http:  www.artic.edu aic collections citi images standard WebMedium WebImg_000094 5041_763326.jpg"
"Oil on canvas","Frederic Remington","Ceremony of the Fastest Horse, c. 1900","American","George F. Harding Collection","101.9 x 69.2 cm (40 1 8 x 27 1 4 in.)","http:  www.artic.edu aic collections artwork 97890 search_no=12&index=220","http:  www.artic.edu aic collections citi images standard WebMedium WebImg_000073 4985_625153.jpg"
"Copper-alloy plated with nickel then chrome","John Bradley Storrs","Ceres, 1928","American","Inscribed on back of base: STORRS cast by American Art Bronze Foundry Chicago.  Gift of John N. Stern","67.3 x 16.2 x 12.4 cm (26  x 6 3 8 x 4 7 8 in.)","http:  www.artic.edu aic collections artwork 63178 search_no=12&index=221","http:  www.artic.edu aic collections citi images standard WebMedium WebImg_000117 4867_1168054.jpg"
"Silver and wood","John Burt","Chafing Dish, c. 1730","American","Gift of the Antiquarian Society through the Mr. and Mrs. Edwin A. Seipp Fund","10.2 x 31 cm (4 x 12 1 8 in.)","http:  www.artic.edu aic collections artwork 78611 search_no=12&index=222","http:  www.artic.edu aic collections citi images standard WebMedium WebImg_000051 41362_348234.jpg"
"painted steel tubing maple armrests original upholstery","Designed by Frank Lloyd Wright","Chair, 1936 39","American","Gift of Johnson Wax Company","85.7 x 60.3 x 54.6 cm (34 3 4 x 23 3 4 x 21 1 2 in.)","http:  www.artic.edu aic collections artwork 38881 search_no=12&index=229","http:  www.artic.edu aic collections citi images standard WebMedium WebImg_000094 9492_762516.jpg"
"Ebonized plywood aluminum and Lucite","Isamu Noguchi","Chess Table, Designed 1944; made c. 1949","American","Through prior bequest of Arthur Rubloff; restricted gift of the Antiquarian Society; Quinn E. Delaney Fund","52.7 x 63.5 x 63.5 cm (20 3 4 x 25 x 25 in.)","http:  www.artic.edu aic collections artwork 203128 search_no=13&index=245","http:  www.artic.edu aic collections citi images standard WebMedium WebImg_000131 173248_1337958.jpg"
"Mahogany with white pine","Attributed to John Cogswell","Chest of Drawers, 1760 90","American","Mark: chalk inscription on base possibly reading  Bottom ; sticker back left upper corner with printing:  No. Property of Edith Cluett   Helen Bowen Blair Fund","79.7 x 91.8 x 50.8 cm (31 3 8 x 36 1 8 x 20 in.)","http:  www.artic.edu aic collections artwork 58399 search_no=13&index=257","http:  www.artic.edu aic collections citi images standard WebMedium WebImg_000133 4733_1378021.jpg"
"Soft maple eastern white pine faux painted wood-grain","Attributed to John Dunlap","Chest of Drawers, 1780 1810","(American","Vance American Art Fund; restricted gifts of Carol W. Wardlaw Jamee J. and Marshall Field; Americana Fund","96.8 x 99.7 x 50.2 cm (38 1 8 x 39 1 4 x 19 3 4 in.)","http:  www.artic.edu aic collections artwork 189131 search_no=13&index=258","http:  www.artic.edu aic collections citi images standard WebMedium WebImg_000075 67635_637775.jpg"
"White pine iron brass and painted decoration","Attributed to Robert Crosman","Chest-over-drawer, c. 1725","American","Roman capital initials in white on either side of original iron lock plate:  H B   Wirt D. Walker Fund","52.8 x 57.2 x 32.6 cm (20 3 4 x 22 1 2 x 12 13 16 in.)","http:  www.artic.edu aic collections artwork 56087 search_no=14&index=264","http:  www.artic.edu aic collections citi images standard WebMedium WebImg_000130 171497_1320001.jpg"
"Silver","Edward Warren Sawyer","Chief Tja-Yo-Ni, 1904","American","Gift of Charles L. Hutchinson","6.8 cm (2 3 4 in.)","http:  www.artic.edu aic collections artwork 65061 search_no=14&index=265","http:  www.artic.edu aic collections citi images standard WebMedium WebImg_000006 398_360082.jpg"
"Oil on canvas","Arthur B. Davies","Choral Sea, 1915","American","Mr. and Mrs. Martin A. Ryerson Collection","45.1 x 100 cm (17 x 39 3 8 in.)","http:  www.artic.edu aic collections artwork 16662 search_no=15&index=273","http:  www.artic.edu aic collections citi images standard WebMedium WebImg_000073 1821_625213.jpg"
"Oil on canvas","George Cope","Civil War Regalia of Major Levi Gheen McCauley, 1887","American","Quinn E. Delaney and Chauncey and Marion McCormick funds; Wesley M. Dixon Endowment","127 x 92.7 cm (50 x 46 1 2 in.)","http:  www.artic.edu aic collections artwork 154495 search_no=15&index=275","http:  www.artic.edu aic collections citi images standard WebMedium WebImg_000143 6632_1490468.jpg"
"Gold","Attributed to Henricus Boelen","Clasp, 1720 50","American","Restricted gift of Charles C. Haffner III","2.1 x 3 x 3 cm (13 16 x 1 3 16 x 1 8 in.)","http:  www.artic.edu aic collections artwork 102119 search_no=15&index=277","http:  www.artic.edu aic collections citi images standard WebMedium WebImg_000142 185653_1477562.jpg"
"Pressed glass","Boston and Sandwich Glass Company","Clear Strawberry Diamond Bowl with Cross, before 1830","American","Through prior acquisitions of David Adler Robert Allerton Ada K. Rew in memory of her parents Mr. and Mrs. Irwin Rew The School of the Art Institute of Chicago and Elizabeth R. Vaughan","4.5 x 30.5 cm (1 3 4 x 12 in.)","http:  www.artic.edu aic collections artwork 136988 search_no=15&index=278","http:  www.artic.edu aic collections citi images standard WebMedium WebImg_000094 6107_762630.jpg"
"Oil on panel","James McNeill Whistler","Coast Scene, Bathers, 188485","American","Butterfly monogram lower right  Walter S. Brewster Collection","13.8 x 22.1 cm (5 7 16 x 8 11 16 in.)","http:  www.artic.edu aic collections artwork 14309 search_no=16&index=282","http:  www.artic.edu aic collections citi images standard WebMedium WebImg_000131 173261_1338088.jpg"
"Glazed stoneware","Toshiko Takaezu","Cobalt Blue, 1991","American","Gift of Toshiko Takaezu","47 x 20.3 cm (18 1 2 x 8 in.)","http:  www.artic.edu aic collections artwork 188520 search_no=16&index=284","http:  www.artic.edu aic collections citi images standard WebMedium WebImg_000118 55355_1181844.jpg"
"Oil on canvas","Winslow Homer","Coast of Maine, 1893","American","Signed lower left:  Homer 93   Arthur Jerome Eddy Memorial Collection","61 x 76.2 cm (24 x 30 in.)","http:  www.artic.edu aic collections artwork 8971 search_no=16&index=283","http:  www.artic.edu aic collections citi images standard WebMedium WebImg_000131 173665_1341968.jpg"
"Bronze with brown patina","Frederic Remington","Coming Through the Rye (Over the Range), modeled 1902, cast in bronze 1902 06","American","Right side front edge of base: Frederic Remington Right side back edge of base: Copyrighted 1902 by   Frederic Remington Back side of base: Roman Bronze Works NY  The George F. Harding Collection","72.4 x 71.1 x 47 cm (28 1 2 x 28 x 18 1 2 in.)","http:  www.artic.edu aic collections artwork 97918 search_no=17&index=302","http:  www.artic.edu aic collections citi images standard WebMedium WebImg_000095 19164_763626.jpg"
"Oil on canvas mounted on cradled panel","Thomas Doughty","Coming Squall (Nahant Beach with a Summer Shower), 1835","American","Restricted gift of Mrs. Herbert A. Vance","52.1 x 71.4 cm (20 1 2 x 28 1 8 in.)","http:  www.artic.edu aic collections artwork 185185 search_no=17&index=301","http:  www.artic.edu aic collections citi images standard WebMedium WebImg_000006 36510_361294.jpg"
"Silver","Benjamin Burt","Communion Dish, 1781","American","; engraved around rim of dish: a cherub's head and the words  The Legacy of the Honble ISAAC ROYALL ESQ. to the CHURCH OF CHRIST in Medford 1781.   Gift of the Antiquarian Society","33.2 x 3.8 cm (13 1 16 x 1 1 2 in.) Marked near center on underside of bowl:  B.BURT  (in rectangle)","http:  www.artic.edu aic collections artwork 73707 search_no=17&index=303","http:  www.artic.edu aic collections citi images standard WebMedium WebImg_000016 83415_383151.jpg"
"Oil on canvas","Emil Carlsen","Connecticut Hillside, c. 1920","American","Walter H. Schulze Memorial Collection","74.3 x 69.5 cm (29 1 4 x 27 3 8 in.)","http:  www.artic.edu aic collections artwork 5352 search_no=18&index=318","http:  www.artic.edu aic collections citi images standard WebMedium WebImg_000073 7425_623003.jpg"
"Oil on canvas","Ammi Phillips","Cornelius Allerton, 1821 22","American","Gift of Robert Allerton","83.8 x 69.9 cm (33 x 27 1 2 in.)","http:  www.artic.edu aic collections artwork 55706 search_no=18&index=323","http:  www.artic.edu aic collections citi images standard WebMedium WebImg_000074 114832_628153.jpg"
"Pressed glass","Boston & Sandwich Glass Company Sandwich","Covered Dish, 1835 40","Massachusetts","Through prior gift of Emily Crane Chadbourne","12.7 x 26.7 x 22.2 cm (5 x 10 1 2 x 8 3 4 in.)","http:  www.artic.edu aic collections artwork 208077 search_no=19&index=334","http:  www.artic.edu aic collections citi images standard WebMedium WebImg_000131 173698_1342298.jpg"
"Pressed glass","New England Glass Company","Covered Sugar Bowl, 1820 30","American","Gift of the Antiquarian Society through Quinn E. Delaney","13 x 12.4 x 9.8 cm (5 1 8 x 4 7 8 x 3 7 8 in.)","http:  www.artic.edu aic collections artwork 136987 search_no=19&index=336","http:  www.artic.edu aic collections citi images standard WebMedium WebImg_000016 83398_382949.jpg"
"Oil on canvas","Georgia O'Keeffe","Cow's Skull with Calico Roses, 1931","American","Alfred Stieglitz Collection gift of Georgia O'Keeffe","91.4 x 61 cm (36 x 24 in.)","http:  www.artic.edu aic collections artwork 61428 search_no=19&index=341","http:  www.artic.edu aic collections citi images standard WebMedium WebImg_000132 131385_1357734.jpg"
"Oil on canvas","Sanford Robinson Gifford","Cows in a Pond at Sunset, 1860","American","signed lower left in wet paint:  SR Gifford '60   Through prior acquisition from the Charles H. and Mary F.S. Worcester Collection","19.1 x 35.9 cm (7 1 2 x 14 1 8 in.)","http:  www.artic.edu aic collections artwork 72398 search_no=19&index=342","http:  www.artic.edu aic collections citi images standard WebMedium WebImg_000003 5563_354539.jpg"
"Silver","Bancroft Woodcock","Cream Pot, 1765 75","American","Stamped on bottom in Roman capitals  B. WOODCOCK  in a rectangle conforming to letter shapes  Gift of the Antiquarian Society","10.8 x 5.7 cm (diam. at base) (4 1 4 x 2 1 4 in.)","http:  www.artic.edu aic collections artwork 52262 search_no=19&index=344","http:  www.artic.edu aic collections citi images standard WebMedium WebImg_000094 4647_761160.jpg"
"Oil on canvas","Winslow Homer","Croquet Scene, 1866","American","Signed lower right:  WINSLOW HOMER -66-   Friends of American Art Collection; Goodman Fund","40.3 x 66.2 cm (15 7 8 x 26 1 16 in.)","http:  www.artic.edu aic collections artwork 44018 search_no=19&index=349","http:  www.artic.edu aic collections citi images standard WebMedium WebImg_000133 171650_1368515.jpg"
"Oil on canvas","George Inness","Crossing the Ford, 1848","American","Signed on reverse of canvas:  Geo. Inness 1848   Gift of Mrs. Edith Kepke MacDonald","57.2 x 62.2 cm (22 1 2 x 24 1 2 in.)","http:  www.artic.edu aic collections artwork 94127 search_no=20&index=351","http:  www.artic.edu aic collections citi images standard WebMedium WebImg_000117 4552_1171344.jpg"
"Bronze","Edward Warren Sawyer","Curley-Custer Scout-Crow.Crow Agency.Montana.1912, 1912","American","Gift of Edward E. Ayer","7 cm (2 3 4 in.)","http:  www.artic.edu aic collections artwork 69530 search_no=20&index=354","http:  www.artic.edu aic collections citi images standard WebMedium WebImg_000005 399_357931.jpg"
"Bronze h.","Paul Manship","Dancer and Gazelles, 1916","American","Inscribed:  Paul Manship c 1916   Friends of American Art Collection","78.7 cm (31 in.) base: 84.5 x 25.4 cm (33 1 4 x 10 in.)","http:  www.artic.edu aic collections artwork 72198 search_no=20&index=357","http:  www.artic.edu aic collections citi images standard WebMedium WebImg_000117 37039_1171284.jpg"
"Glazed stoneware","Toshiko Takaezu","Dancing Brush, 1990","American","Gift of Toshiko Takaezu","91.4 x 55.9 cm (42 1 2 x 22 in.)","http:  www.artic.edu aic collections artwork 188510 search_no=20&index=358","http:  www.artic.edu aic collections citi images standard WebMedium WebImg_000118 55370_1181834.jpg"
"Oil on canvas","John Singleton Copley","Daniel Hubbard, 1764","American","Signed on base of column:  John S. Copley pinx. 1764   The Art Institute of Chicago Purchase Fund","127.2 x 100.8 cm (50 1 8 x 39 11 16 in.)","http:  www.artic.edu aic collections artwork 59784 search_no=20&index=359","http:  www.artic.edu aic collections citi images standard WebMedium WebImg_000067 2605_587385.jpg"
"Bronze","Thomas Ball","Daniel Webster, modeled and cast 1853","American","Incised at back of drapers:  T Ball Sculpt Boston Mass 1853 Patent assigned to   C W Nichols   Gift of Richard and Mary L. Gray","76.2 x 30.4 x 27.9 cm (30 x 12 x 11 in.)","http:  www.artic.edu aic collections artwork 109442 search_no=20&index=360","http:  www.artic.edu aic collections citi images standard WebMedium WebImg_000116 5316_1163604.jpg"
"Mahogany zebrawood and white pine","Attributed to Felix Huntington","Desk, 1775 1790","American","Gift of the Antiquarian Society through the Jessie Spalding Landon Fund","109.8 x 112.5 x 56 cm (43 1 4 x 44 1 4 x 22 in.)","http:  www.artic.edu aic collections artwork 62581 search_no=20&index=369","http:  www.artic.edu aic collections citi images standard WebMedium WebImg_000132 83421_1354777.jpg"
"Oak","Frank Lloyd Wright","Desk, 1908","American","Restricted gift of the Graham Foundation for Advanced Studies in the Fine Arts","144.9 x 102 x 60.6 cm (57 x 40 1 8 x 23 7 8 in.)","http:  www.artic.edu aic collections artwork 38857 search_no=21&index=371","http:  www.artic.edu aic collections citi images standard WebMedium WebImg_000094 4322_762498.jpg"
"Maple and bird's-eye maple","Attributed to R. J. Horner and Company","Desk, c. 1880","American","Quinn E. Delaney fund","174.6 x 46.4 x 43.8 cm (68 3 4 x 17 1 2 x 16 1 2 in.)","http:  www.artic.edu aic collections artwork 180489 search_no=21&index=370","http:  www.artic.edu aic collections citi images standard WebMedium WebImg_000045 94002_475509.jpg"
"Painted steel tubing maple work surface with later laminated surface","Designed by Frank Lloyd Wright","Desk, 1937 39","American","Gift of the Johnson Wax Company","96.5 x 212.7 x 138.8 cm (38 x 83 3 4 x 54 5 8 in.)","http:  www.artic.edu aic collections artwork 38877 search_no=21&index=372","http:  www.artic.edu aic collections citi images standard WebMedium WebImg_000094 4323_762522.jpg"
"Oak","Ladislaus Zdzieblowski","Desk and Bookcase, 1893","American","Gift of the family of Irene M. Groenier in her memory","190.5 x 149.8 x 67.3 cm (75 x 59 x 26 1 2 in.)","http:  www.artic.edu aic collections artwork 90596 search_no=21&index=375","http:  www.artic.edu aic collections citi images standard WebMedium WebImg_000131 172726_1332987.jpg"
"Bronze","Frederick W. Macmonnies","Diana, modelled 1889, cast after 1900","American","Roger McCormick Fund","76.2 x 50.8 x 48.3 cm (30 x 20 x 19 in.)","http:  www.artic.edu aic collections artwork 107051 search_no=22&index=380","http:  www.artic.edu aic collections citi images standard WebMedium WebImg_000089 4965_728237.jpg"
"Oil on panel","Thomas Cole","Distant View of Niagara Falls, 1830","American","Signed lower right:  Thomas Cole   1830   Friends of American Art Collection","47.9 x 60.6 cm (18 7 8 x 23 7 8 in.)","http:  www.artic.edu aic collections artwork 90048 search_no=22&index=386","http:  www.artic.edu aic collections citi images standard WebMedium WebImg_000081 10141_672686.jpg"
"Oil on canvas","Ivan Albright","Divided and Divided, 1941","American","Signed lower left: Ivan Le Lorraine Albright  Gift of Ivan Albright","68.6 x 106.7 cm (27 x 42 in.)","http:  www.artic.edu aic collections artwork 93808 search_no=22&index=387","http:  www.artic.edu aic collections citi images standard WebMedium WebImg_000089 4537_728213.jpg"
"Oil on canvas","Arthur Dove","Dogs Chasing Each Other, 1929","American","Alfred Stieglitz Collection","45.4 x 54.3 cm (17 7 8 x 21 3 8 in.)","http:  www.artic.edu aic collections artwork 65887 search_no=22&index=388","http:  www.artic.edu aic collections citi images standard WebMedium WebImg_000003 2751_354637.jpg"
"Gouache on silk","Ivan Albright","Dorian Gray, 1945","American","Gift of Mr. and Mrs. Joseph Randall Shapiro","41.9 x 7.6 cm (16 1 2 x 3 in.)","http:  www.artic.edu aic collections artwork 145240 search_no=23&index=391","http:  www.artic.edu aic collections citi images standard WebMedium WebImg_000128 6144_1301227.jpg"
"Oil on canvas","Cecilia Beaux","Dorothea and Francesca, 1898","American","Signed lower left:  Cecilia Beaux   A. A. Munger Collection","203.5 x 116.8 cm (80 1 8 x 46 in.)","http:  www.artic.edu aic collections artwork 80499 search_no=23&index=392","http:  www.artic.edu aic collections citi images standard WebMedium WebImg_000128 169441_1299303.jpg"
"Cobalt blue opaque white and clear glass gilt bronze and marble h:","Boston and Sandwich Glass Company","Double-Plated Lamp, c. 1865","American","to top of shade  The Mrs. Maurice H. Mandelbaum Collection","97.8 cm (38 1 2 in.)","http:  www.artic.edu aic collections artwork 131880 search_no=23&index=393","http:  www.artic.edu aic collections citi images standard WebMedium WebImg_000094 6030_762414.jpg"
"Oil on canvas","Henry Benbridge","Dr. Jonathan Potts (1745-1781), 1770 76","American","Allan and Sallie Bulley Fund","61.6 x 48.9 cm (24 1 4 x 19 1 4 in.)","http:  www.artic.edu aic collections artwork 119985 search_no=23&index=395","http:  www.artic.edu aic collections citi images standard WebMedium WebImg_000003 5707_355458.jpg"
"Oil on canvas","George Inness","Early Morning, Tarpon Springs, 1892","American","Signed lower left:  G. Inness 1892   Edward B. Butler Collection","107.2 x 82.2 cm (42 1 8 x 32 3 8 in.)","http:  www.artic.edu aic collections artwork 64729 search_no=24&index=409","http:  www.artic.edu aic collections citi images standard WebMedium WebImg_000116 373_1164114.jpg"
"Oil on canvas","Toby Edward Rosenthal","Elaine, 1874","American","Signed lower right:  Toby E. Rosenthal Munich. 1874   Gift of Mrs. Maurice Rosenfeld","97.9 x 158.8 cm (38 9 16 x 62 1 2 in.)","http:  www.artic.edu aic collections artwork 72320 search_no=25&index=412","http:  www.artic.edu aic collections citi images standard WebMedium WebImg_000131 437_1345331.jpg"
"Oil on canvas","Frederic Remington","Fire-Eater Raised His Arms, c. 1900","American","George F. Harding Collection","69.2 x 102.6 cm (27 1 4 x 40 3 8 in.)","http:  www.artic.edu aic collections artwork 97895 search_no=26&index=430","http:  www.artic.edu aic collections citi images standard WebMedium WebImg_000073 4990_625039.jpg"
"Oil on panel","Shepard Alonzo Mount","Fish, 1842","American","Restricted gift of Charles C. Haffner III","17.2 x 27.3 cm (6 3 4 x 10 3 4 in.)","http:  www.artic.edu aic collections artwork 104082 search_no=26&index=434","http:  www.artic.edu aic collections citi images standard WebMedium WebImg_000073 5220_623323.jpg"
"Oil on canvas","Frederic Remington","First and Best Camp of the Trip, 1895","American","George F. Harding Collection","68.9 x 102.6 cm (27 1 8 x 40 3 8 in.)","http:  www.artic.edu aic collections artwork 97896 search_no=26&index=433","http:  www.artic.edu aic collections citi images standard WebMedium WebImg_000143 4991_1490388.jpg"
"Oil on canvas","Ivan Albright","Flesh, 1928","American","Signed 1.r.: Ivan Le Lorraine Albright.  Gift of Ivan Albright","91.4 x 61 cm (36 x 24 in.)","http:  www.artic.edu aic collections artwork 32596 search_no=26&index=439","http:  www.artic.edu aic collections citi images standard WebMedium WebImg_000073 4160_623545.jpg"
"Oil on canvas","George Hitchcock","Flower Girl in Holland, 1887","American","Signed lower left:  Geo. Hitchcock op. XXXV 1-8-8-7   Potter Palmer Collection","79.1 x 147.3 cm (31 1 8 x 58 in.)","http:  www.artic.edu aic collections artwork 138 search_no=27&index=441","http:  www.artic.edu aic collections citi images standard WebMedium WebImg_000130 171649_1321650.jpg"
"Oil on canvas","Milton Avery","Flowers and Lamp, 1942","American","Mary and Earle Ludgin Collection","71.1 x 91.4 cm (28 x 36 in.)","http:  www.artic.edu aic collections artwork 62275 search_no=27&index=442","http:  www.artic.edu aic collections citi images standard WebMedium WebImg_000089 4849_728021.jpg"
"Oil on canvas","Georgia O'Keeffe","From a Day with Juan IV, 1977","American","Alfred Stieglitz Collection bequest of Georgia O'Keeffe","121.9 x 91.4 cm (48 x 36 in.)","http:  www.artic.edu aic collections artwork 70038 search_no=27&index=446","http:  www.artic.edu aic collections citi images standard WebMedium WebImg_000073 5446_623197.jpg"
"Oil on canvas","Hannah Brown Skeele","Fruit Piece, 1860","American","Restricted gifts of Charles C. Haffner III Mrs. Harold T. Martin Mrs. Herbert A Vance and Mrs. Jill B. Zeno; through prior acquisition of the George F. Harding Collection","50.8 x 60.6 cm (20 x 23 7 8 in.)","http:  www.artic.edu aic collections artwork 156596 search_no=27&index=448","http:  www.artic.edu aic collections citi images standard WebMedium WebImg_000005 7048_359696.jpg"
"Terracotta","William Rush","General Andrew Jackson, 1819","American","Restricted gift of Jamee J. and Marshall Field the Brooks and Hope B. McCormick Foundation and the Bessie Bennett W. G. Field Ada Turnbull Hertle Laura T. Magnuson and Major Acquisitions funds","50.5 x 47.9 x 22.2 cm (19 7 8 x 18 7 8 x 8 3 4 in.)","http:  www.artic.edu aic collections artwork 104094 search_no=28&index=452","http:  www.artic.edu aic collections citi images standard WebMedium WebImg_000094 5223_760608.jpg"
"Oil on canvas","Charles Spencer Humphreys","George Franklin Archer and the Archer Residence, 1871","American","Signed lower right by impression in point:  Chas. S. Humphries. 1871   Through prior acquisition of the George F. Harding Collection","62.2 x 76.5 cm (24 1 2 x 30 1 8 in.)","http:  www.artic.edu aic collections artwork 68931 search_no=28&index=453","http:  www.artic.edu aic collections citi images standard WebMedium WebImg_000128 169405_1298989.jpg"
"Oil on canvas","Arthur B. Davies","Golden Sea Garden, c. 1912","American","George F. Porter Collection","43.5 x 54.3 cm (16 3 8 x 21 3 8 in.)","http:  www.artic.edu aic collections artwork 34048 search_no=29&index=464","http:  www.artic.edu aic collections citi images standard WebMedium WebImg_000073 1491_623743.jpg"
"Oil on canvas","Georgia O'Keeffe","Green Mountains, Canada, 1932","American","Alfred Stieglitz Collection gift of Georgia O'Keeffe","30.5 x 91 cm (12 x 36 in.)","http:  www.artic.edu aic collections artwork 2895 search_no=29&index=467","http:  www.artic.edu aic collections citi images standard WebMedium WebImg_000094 3269_760716.jpg"
"Oil on canvas","James McNeill Whistler","Grey and Silver: Old Battersea Reach, 1863","American","Signed lower left:  Whistler 63   Gift of Honor and Potter Palmer","50.8 x 68.6 cm (20 x 27 in.)","http:  www.artic.edu aic collections artwork 81574 search_no=29&index=469","http:  www.artic.edu aic collections citi images standard WebMedium WebImg_000133 166067_1378332.jpg"
